CREATE DATABASE `gdce`;
USE `gdce`;

DROP TABLE IF EXISTS `system_users`;

CREATE TABLE `system_users` (
  `id` int NOT NULL AUTO_INCREMENT,
  `NAME` varchar(20) NOT NULL COMMENT '用户名称',
  `PASSWORD` varchar(20) NOT NULL COMMENT '密码',
  `LEVEL` int(2) NOT NULL COMMENT '0-超管 1-管理员 2-会员',
  `permission` varchar(10) NOT NULL COMMENT '权限（0-创建管理员 1-买方 2-卖方 3-物流 4-资讯编辑 5-资讯审核 6-注册审核 7-交易审核 8-广告位审核）',
  `companyId` varchar(30) NOT NULL COMMENT '企业机构代码',
  `isRemember` tinyint(1) NOT NULL COMMENT '记住我',
  `loginState` tinyint(1) NOT NULL COMMENT '登录状态（true-在线 false-离线）',
  `username` varchar(10) NOT NULL COMMENT '管理员姓名',
  `department` varchar(20) NOT NULL COMMENT '管理员部门',
  `phonenumber` varchar(20) NOT NULL COMMENT '管理员联系电话',
  `email` varchar(30) NOT NULL COMMENT '管理员邮箱',
  PRIMARY KEY (`id`)
) ENGINE=InnoDB AUTO_INCREMENT=12 DEFAULT CHARSET=utf8;

/*Data for the table `system_users` */

insert  into `system_users`(`id`,`NAME`,`PASSWORD`,`LEVEL`,`permission`,`companyId`,`isRemember`,`loginState`,`username`,`department`,`phonenumber`,`email`) values 
(1,'admin','123456',0,'0','',0,0,'','','',''),
(2,'logistics','123',2,'3','91130302MA07RJW223',0,0,'','','',''),
(3,'buyer1','123',2,'1','911308037825919000',0,0,'','','',''),
(4,'seller1','123',2,'2','914113306672048026',0,0,' ',' ',' ',' '),
(5,'news_editer','123',1,'4','',0,0,'郝芬','资讯编辑','15291753256','hf@163.com'),
(6,'news_review','123',1,'5','',0,0,'高敏','资讯审核','18291567652','gm@163.com'),
(7,'regist_review','123',1,'6','',0,0,'刘芳','注册审核','15192546310','lf@163.com'),
(8,'trade_review','123',1,'7','',0,0,'王向东','交易审核','15398546321','lxd@qq.com'),
(9,'ads_review','123',1,'8','',0,0,'张超','广告位审核','15296325610','zc@163.com'),
(10,'mft1','123',1,'6','',0,0,'张超','广告位审核','15296325610','zc@163.com'),
(11,'opt1','123',1,'7','',0,0,'张超','广告位审核','15296325610','zc@163.com');


/*Table structure for table `table_accountant_info` */

DROP TABLE IF EXISTS `table_accountant_info`;

CREATE TABLE `table_accountant_info` (
  `id` int(4) NOT NULL AUTO_INCREMENT,
  `NAME` varchar(10) NOT NULL COMMENT '会计姓名',
  `phone` varchar(11) NOT NULL COMMENT '会计电话',
  `email` varchar(30) NOT NULL COMMENT '会计邮箱',
  PRIMARY KEY (`id`)
) ENGINE=InnoDB AUTO_INCREMENT=8 DEFAULT CHARSET=utf8;

/*Data for the table `table_accountant_info` */

insert  into `table_accountant_info`(`id`,`NAME`,`phone`,`email`) values 
(1,'张伟','3684761','hbcdrd@cgdc.com.cn'),
(2,'李刚','8984511','1072349216@qq.com'),
(3,'袁飞宇','4951210','baqxb@163.com'),
(4,'吴中天','4616541','lftbyk@sing.com'),
(5,'白薇','6548545','1031354913@qq.com'),
(6,'昌文','3562965','53236542@qq.com'),
(7,'田少军','6455112','65584353@qq.com');

/*Table structure for table `tbl_ads` */

DROP TABLE IF EXISTS `tbl_ads`;

CREATE TABLE `tbl_ads` (
  `id` int(4) NOT NULL AUTO_INCREMENT,
  `companyId` varchar(30) NOT NULL COMMENT '企业机构代码',
  `POSITION` int(1) NOT NULL COMMENT '广告位 1-4',
  `email` varchar(30) NOT NULL COMMENT '邮箱',
  `adsImgPath` varchar(45) NOT NULL COMMENT '广告图片存放路径（/imgs/ads/企业机构代码+时间戳）',
  `adsURL` varchar(100) NOT NULL COMMENT '广告超链地址',
  `note` varchar(200) NOT NULL COMMENT '备注',
  `releaseDate` varchar(20) NOT NULL COMMENT '广告投放时间',
  `endDate` varchar(20) NOT NULL COMMENT '广告截止时间',
  `price` double(10,2) NOT NULL COMMENT '广告费用',
  `reviewState` int(3) NOT NULL COMMENT '0-待审核 1-通过 2-未通过',
  `recordID` varchar(20) NOT NULL COMMENT '记录编号',
  `submitDate` varchar(20) NOT NULL COMMENT '提交审核时间',
  PRIMARY KEY (`id`)
) ENGINE=InnoDB AUTO_INCREMENT=7 DEFAULT CHARSET=utf8;

/*Data for the table `tbl_ads` */

insert  into `tbl_ads`(`id`,`companyId`,`POSITION`,`email`,`adsImgPath`,`adsURL`,`note`,`releaseDate`,`endDate`,`price`,`reviewState`,`recordID`, `submitDate`) values
(1,'916402210275456045',1,'lftbyk@sing.com','1.jpg','http://fuel.powerec.net/newsCenter.jspx','','2019-01-04','2019-01-30',3000.00,1,'AR201901041145140810','2019-01-04'),
(2,'916402210275456045',1,'lftbyk@sing.com','2.jpg','http://fuel.powerec.net/newsCenter.jspx','','2019-02-01','2019-02-28',2800.00,0,'AR201902011145140810','2019-02-01'),
(3,'916402210275456045',2,'lftbyk@sing.com','3.jpg','http://fuel.powerec.net/newsCenter.jspx','','2019-01-04','2019-01-29',2700.00,0,'AR201901041145140810','2019-01-04'),
(4,'914113306672048026',1,'lftbyk@sing.com','4.jpg','http://fuel.powerec.net/newsCenter.jspx','','2019-01-05','2019-01-25',2000.00,0,'AR201901051145140893','2019-01-05'),
(5,'911308037825919000',1,'hbcdrd@cgdc.com.cn','5.jpg','http://fuel.powerec.net/newsCenter.jspx','','2019-01-04','2019-01-30',2600.00,0,'AR201901041145140893','2019-01-04'),
(6,'911308037825919000',1,'hbcdrd@cgdc.com.cn','6.jpg','http://fuel.powerec.net/newsCenter.jspx','','2019-01-11','2019-01-31',2650.00,1,'AR201901111145140893','2019-01-11');

/*Table structure for table `tbl_company_info` */

DROP TABLE IF EXISTS `tbl_company_info`;

CREATE TABLE `tbl_company_info` (
  `id` int NOT NULL AUTO_INCREMENT,
  `companyId` varchar(30) NOT NULL COMMENT '企业机构代码',
  `companyName` varchar(30) NOT NULL COMMENT '企业名称',
  `legalPerson` varchar(10) NOT NULL COMMENT '法人',
  `legalPersonId` varchar(18) NOT NULL COMMENT '法人省份证号',
  `accountantName` varchar(10)  NULL COMMENT '会计姓名',
  `companyAddress` varchar(30)  NULL COMMENT '公司注册地址',
  `companyEmail` varchar(20) NOT NULL COMMENT '公司邮箱',
  `phoneNumber` varchar(20) NOT NULL COMMENT '联系方式',
  `companyFax` varchar(10) NOT NULL COMMENT '传真',
  `postalCode` varchar(8) NOT NULL COMMENT '邮政编码',
  `registerMoney` float(12,2) NULL COMMENT '注册资金',
  `openLicenseId` varchar(30) NULL COMMENT '营业执照',
  `bussionLicense` varchar(30) NULL COMMENT '经营许可证',
  `taxRegisterId` varchar(30) NULL COMMENT '税务登记号',
  `openBank` varchar(20) NULL COMMENT '开户银行',
  `bankAccount` varchar(30) NULL COMMENT '银行账户',
  `goodsAddress` varchar(40) NULL COMMENT '煤源存放地',
  `transportStyle` varchar(15) NULL COMMENT '运输方式保证能力',
  `companyProfile` varchar(300) NULL COMMENT '公司简介',
  `openLicensePath` varchar(60)  NULL COMMENT '营业执照存放路径（/imgs/openLicense/营业执照+时间戳）',
  `taxRegisterCodePath` varchar(60) NULL COMMENT '税务登记证照片存放路径（/imgs/taxRegisterCode/税务登记证+时间戳）',
  `companyCodePath` varchar(60) NULL COMMENT '组织机构代码照片存放路径（/imgs/companyCode/企业机构代码+时间戳）',
  `bankAccountCodePath` varchar(60) NULL COMMENT '开户银行许可证照片存放路径（/imgs/bankAccountCode/开户银行许可证+时间戳）',
  `legalPersonCodePath` varchar(60) NULL COMMENT '法人身份证照片存放路径（/imgs/legalPersonCode/法人身份证+时间戳）',
  `bussionLicenseCodePath` varchar(60) NULL COMMENT '经营许可证照片存放路径（/imgs/bussionLicenseCode/经营许可证+时间戳）',
  `reviewState` int(3) NOT NULL COMMENT '0-待审核 1-通过 2-未通过',
  `recordID` varchar(20) NULL COMMENT '记录编号',
  `submitDate` varchar(20) NULL COMMENT '提交审核时间',
  PRIMARY KEY (`id`)
) ENGINE=InnoDB AUTO_INCREMENT=8 DEFAULT CHARSET=utf8;

/*Data for the table `tbl_company_info` */

insert  into `tbl_company_info`(`id`,`companyId`,`companyName`,`legalPerson`,`legalPersonId`,`accountantName`,`companyAddress`,`companyEmail`,`phoneNumber`,`companyFax`,`postalCode`,`registerMoney`,`openLicenseId`,`bussionLicense`,`taxRegisterId`,`openBank`,`bankAccount`,`goodsAddress`,`transportStyle`,`companyProfile`,`openLicensePath`,`taxRegisterCodePath`,`companyCodePath`,`bankAccountCodePath`,`legalPersonCodePath`,`bussionLicenseCodePath`,`reviewState`,`recordID`,`submitDate`) values 
(1,'911308037825919000','国电承德热电有限公司','郝剑宇','612321198701215000','张伟','承德双滦区滦河镇滦河电厂院内','hbcdrd@cgdc.com.cn','15291207899','32561002','721300',56102.00,'3621522001132','156669894512014','3621522001132','招商银行','621483292342368012','山西','汽车','火力发电、供热服务；电力设备检修维护服务。','D:\\\\gdce\\\\temp\\\\user\\\\userName\\\\1.jpg','D:\\\\gdce\\\\temp\\\\user\\\\userName\\\\1.jpg','D:\\\\gdce\\\\temp\\\\user\\\\userName\\\\1.jpg','D:\\\\gdce\\\\temp\\\\user\\\\userName\\\\1.jpg','D:\\\\gdce\\\\temp\\\\user\\\\userName\\\\1.jpg','D:\\\\gdce\\\\temp\\\\user\\\\userName\\\\1.jpg',1,'AR202010151145140810','2020-10-15'),
(2,'912202011245116621','吉林热电总公司','张芃','610321198706215012','李刚','吉林市龙潭区徐州路二号','1072349216@qq.com','18292743924','56123145','698542',32145.00,'6548897121541','141541102484201','6548897121541','建设银行','621457411574515671','内蒙','火车','吉林热电厂多种经营总公司成立于1992年11月04日，主要经营范围为对下属企业实施经营管理等。','D:\\\\gdce\\\\temp\\\\user\\\\userName\\\\2.jpg','D:\\\\gdce\\\\temp\\\\user\\\\userName\\\\2.jpg','D:\\\\gdce\\\\temp\\\\user\\\\userName\\\\2.jpg','D:\\\\gdce\\\\temp\\\\user\\\\userName\\\\2.jpg','D:\\\\gdce\\\\temp\\\\user\\\\userName\\\\2.jpg','D:\\\\gdce\\\\temp\\\\user\\\\userName\\\\2.jpg',0,'AR202010161145140810','2020-10-16'),
(3,'912311811316773000','国电北安热电有限公司','杨映川','321451198503241650','袁飞宇','黑龙江省黑河市北安市','baqxb@163.com','18289455645','47013655','654655',89851.00,'7974151541151','189546589161541','8451251212112','建设银行','624145245841515410','山西','火车','国电北安热电有限公司，位于黑龙江省北安市区东南端，是集团公司内最北部的电厂，厂区占地面积13公顷。','D:\\\\gdce\\\\temp\\\\user\\\\userName\\\\3.jpg','D:\\\\gdce\\\\temp\\\\user\\\\userName\\\\3.jpg','D:\\\\gdce\\\\temp\\\\user\\\\userName\\\\3.jpg','D:\\\\gdce\\\\temp\\\\user\\\\userName\\\\3.jpg','D:\\\\gdce\\\\temp\\\\user\\\\userName\\\\3.jpg','D:\\\\gdce\\\\temp\\\\user\\\\userName\\\\3.jpg',1,'AR202010171145140810','2020-10-17'),
(4,'914113306672048026','桐柏巨能矿业有限公司','路春祥','610321198606056015','吴中天','桐柏县朱庄乡','lftbyk@sing.com','18348458467','45812481','878510',46512.00,'6418715445154','184125462164562','2544121545104','浦发银行','620451215715753576','内蒙','火车','矿业资源开发管理、矿产品购销、产品售后服务、矿业技术咨询、服务。','D:\\\\gdce\\\\temp\\\\user\\\\userName\\\\01.jpg','D:\\\\gdce\\\\temp\\\\user\\\\userName\\\\01.jpg','D:\\\\gdce\\\\temp\\\\user\\\\userName\\\\01.jpg','D:\\\\gdce\\\\temp\\\\user\\\\userName\\\\01.jpg','D:\\\\gdce\\\\temp\\\\user\\\\userName\\\\01.jpg','D:\\\\gdce\\\\temp\\\\user\\\\userName\\\\01.jpg',1,'AR202010181145140810','2020-10-18'),
(5,'916402210275456045','平罗县兴兴煤业有限公司','唐超','536115194308275233','白薇','平罗县崇岗工业园区','1031354913@qq.com','13995169962','54623132','545010',78112.00,'8415102156411','162657412120074','4584102146540','农业银行','623897462154598452','山西','火车','煤炭加工洗选、销售。(依法须经批准的项目，经相关部门批准后方可开展经营活动)','D:\\\\gdce\\\\temp\\\\user\\\\userName\\\\02.jpg','D:\\\\gdce\\\\temp\\\\user\\\\userName\\\\02.jpg','D:\\\\gdce\\\\temp\\\\user\\\\userName\\\\02.jpg','D:\\\\gdce\\\\temp\\\\user\\\\userName\\\\02.jpg','D:\\\\gdce\\\\temp\\\\user\\\\userName\\\\02.jpg','D:\\\\gdce\\\\temp\\\\user\\\\userName\\\\02.jpg',1,'AR202010191145140893','2020-10-19'),
(6,'916501053331276241','新疆雪峰双兴商贸有限责任公司','冯立柱','438115194207104628','昌文','乌鲁木齐市水磨沟区','53236542@qq.com','15398155965','54416510','479845',46131.00,'3546543414561','156126585123000','9582132524612','建设银行','621749814231464685','新疆','火车','销售：矿产品，建材，机械设备，五金交电，煤炭，日用百货，文化用品，体育用品，金属材料，塑料制品等。','D:\\\\gdce\\\\temp\\\\user\\\\userName\\\\03.jpg','D:\\\\gdce\\\\temp\\\\user\\\\userName\\\\03.jpg','D:\\\\gdce\\\\temp\\\\user\\\\userName\\\\03.jpg','D:\\\\gdce\\\\temp\\\\user\\\\userName\\\\03.jpg','D:\\\\gdce\\\\temp\\\\user\\\\userName\\\\03.jpg','D:\\\\gdce\\\\temp\\\\user\\\\userName\\\\03.jpg',1,'AR202010201145140893','2020-10-20'),
(7,'91130302MA07RJW223','中外运秦皇岛物流有限公司','杨海英','421222197508231038','田少军','河北省秦皇岛市海港区','1065584353@qq.com','15829350485','48416111','894551',3533.00,'3020040437821','130302004043782','1303020040437','建设银行','634800435461097653',' 无','海运、铁路','普通货运；仓储服务（危险品除外）；国际货运代理；国内水运货运代理；陆路货运代理。','D:\\\\gdce\\\\temp\\\\user\\\\userName\\\\11.jpg','D:\\\\gdce\\\\temp\\\\user\\\\userName\\\\11.jpg','D:\\\\gdce\\\\temp\\\\user\\\\userName\\\\11.jpg','D:\\\\gdce\\\\temp\\\\user\\\\userName\\\\11.jpg','D:\\\\gdce\\\\temp\\\\user\\\\userName\\\\11.jpg','D:\\\\gdce\\\\temp\\\\user\\\\userName\\\\11.jpg',1,'AR202010211145140893','2020-10-21'),
(8,'91130314141242W223','中外运秦皇岛物流有限公司','杨海英','421222197508231038','田少军','河北省秦皇岛市海港区','1065584353@qq.com','15829350485','48416111','894551',3533.00,'3020040437821','130302004043782','1303020040437','建设银行','634800435461097653',' 无','海运、铁路','普通货运；仓储服务（危险品除外）；国际货运代理；国内水运货运代理；陆路货运代理。','D:\\\\gdce\\\\temp\\\\user\\\\userName\\\\11.jpg','D:\\\\gdce\\\\temp\\\\user\\\\userName\\\\11.jpg','D:\\\\gdce\\\\temp\\\\user\\\\userName\\\\11.jpg','D:\\\\gdce\\\\temp\\\\user\\\\userName\\\\11.jpg','D:\\\\gdce\\\\temp\\\\user\\\\userName\\\\11.jpg','D:\\\\gdce\\\\temp\\\\user\\\\userName\\\\11.jpg',1,'AR202010211145140893','2020-10-21'),
(9,'9113030232432RJW223','中外运秦皇岛物流有限公司','杨海英','421222197508231038','田少军','河北省秦皇岛市海港区','1065584353@qq.com','15829350485','48416111','894551',3533.00,'3020040437821','130302004043782','1303020040437','建设银行','634800435461097653',' 无','海运、铁路','普通货运；仓储服务（危险品除外）；国际货运代理；国内水运货运代理；陆路货运代理。','D:\\\\gdce\\\\temp\\\\user\\\\userName\\\\11.jpg','D:\\\\gdce\\\\temp\\\\user\\\\userName\\\\11.jpg','D:\\\\gdce\\\\temp\\\\user\\\\userName\\\\11.jpg','D:\\\\gdce\\\\temp\\\\user\\\\userName\\\\11.jpg','D:\\\\gdce\\\\temp\\\\user\\\\userName\\\\11.jpg','D:\\\\gdce\\\\temp\\\\user\\\\userName\\\\11.jpg',0,'AR202010211145140893','2020-10-21'),
(10,'9113030289768W223','中外运秦皇岛物流有限公司','杨海英','421222197508231038','田少军','河北省秦皇岛市海港区','1065584353@qq.com','15829350485','48416111','894551',3533.00,'3020040437821','130302004043782','1303020040437','建设银行','634800435461097653',' 无','海运、铁路','普通货运；仓储服务（危险品除外）；国际货运代理；国内水运货运代理；陆路货运代理。','D:\\\\gdce\\\\temp\\\\user\\\\userName\\\\11.jpg','D:\\\\gdce\\\\temp\\\\user\\\\userName\\\\11.jpg','D:\\\\gdce\\\\temp\\\\user\\\\userName\\\\11.jpg','D:\\\\gdce\\\\temp\\\\user\\\\userName\\\\11.jpg','D:\\\\gdce\\\\temp\\\\user\\\\userName\\\\11.jpg','D:\\\\gdce\\\\temp\\\\user\\\\userName\\\\11.jpg',0,'AR202010211145140893','2020-10-21'),
(11,'9113078987865RJW223','中外运秦皇岛物流有限公司','杨海英','421222197508231038','田少军','河北省秦皇岛市海港区','1065584353@qq.com','15829350485','48416111','894551',3533.00,'3020040437821','130302004043782','1303020040437','建设银行','634800435461097653',' 无','海运、铁路','普通货运；仓储服务（危险品除外）；国际货运代理；国内水运货运代理；陆路货运代理。','D:\\\\gdce\\\\temp\\\\user\\\\userName\\\\11.jpg','D:\\\\gdce\\\\temp\\\\user\\\\userName\\\\11.jpg','D:\\\\gdce\\\\temp\\\\user\\\\userName\\\\11.jpg','D:\\\\gdce\\\\temp\\\\user\\\\userName\\\\11.jpg','D:\\\\gdce\\\\temp\\\\user\\\\userName\\\\11.jpg','D:\\\\gdce\\\\temp\\\\user\\\\userName\\\\11.jpg',0,'AR202010211145140893','2020-10-21');


/*Table structure for table `tbl_contract_info` */

DROP TABLE IF EXISTS `tbl_contract_info`;

CREATE TABLE `tbl_contract_info` (
  `id` int(4) NOT NULL AUTO_INCREMENT,
  `contractId` int(20) NOT NULL COMMENT '合同编号',
  `buyerCompanyId` varchar(30) NOT NULL COMMENT '买方编号（对应企业编号）',
  `sellerCompanyId` varchar(30) NOT NULL COMMENT '卖方编号（对应企业编号）',
  `productId` int(10) NOT NULL COMMENT '商品编号',
  `buyerContractState` tinyint(1) NOT NULL COMMENT '买方合同状态(true-已签 false-未签)',
  `sellerContractState` tinyint(1) NOT NULL COMMENT '卖方合同状态(true-已签 false-未签)',
  `createDate` varchar(20) NOT NULL COMMENT '创建时间',
  `endDate` varchar(20) NOT NULL COMMENT '结束时间',
  PRIMARY KEY (`id`)
) ENGINE=InnoDB AUTO_INCREMENT=20 DEFAULT CHARSET=utf8;

/*Data for the table `tbl_contract_info` */

insert  into `tbl_contract_info`(`id`,`contractId`,`buyerCompanyId`,`sellerCompanyId`,`productId`,`buyerContractState`,`sellerContractState`,`createDate`,`endDate`) values 
(1,104101650,'911308037825919000','914113306672048026',1,1,1,'2019-01-04 10:16:50','2019-01-05 10:16:50'),
(2,104101740,'911308037825919000','916402210275456045',2,1,0,'2019-01-04 10:17:40','2019-01-05 10:17:40'),
(3,104105145,'912311811316773000','916501053331276241',8,1,1,'2019-01-04 10:51:45','2019-01-05 10:51:45'),
(4,104105154,'912311811316773000','916501053331276241',7,1,0,'2019-01-04 10:51:54','2019-01-05 10:51:54'),
(5,107142636,'911308037825919000','914113306672048026',23,1,1,'2019-01-07 14:26:36','2019-01-08 14:26:36'),
(6,107142648,'911308037825919000','914113306672048026',22,1,1,'2019-01-07 14:26:48','2019-01-08 14:26:48'),
(7,107142659,'911308037825919000','914113306672048026',21,1,1,'2019-01-07 14:26:59','2019-01-08 14:26:59'),
(8,107142710,'911308037825919000','914113306672048026',20,1,1,'2019-01-07 14:27:10','2019-01-08 14:27:10'),
(9,107142722,'911308037825919000','914113306672048026',19,1,1,'2019-01-07 14:27:22','2019-01-08 14:27:22'),
(10,107142732,'911308037825919000','914113306672048026',18,1,1,'2019-01-07 14:27:32','2019-01-08 14:27:32'),
(11,107142751,'911308037825919000','914113306672048026',17,1,1,'2019-01-07 14:27:51','2019-01-08 14:27:51'),
(12,107142803,'911308037825919000','914113306672048026',16,1,1,'2019-01-07 14:28:03','2019-01-08 14:28:03'),
(13,107142813,'911308037825919000','914113306672048026',15,1,1,'2019-01-07 14:28:13','2019-01-08 14:28:13'),
(14,107142826,'911308037825919000','914113306672048026',14,1,1,'2019-01-07 14:28:26','2019-01-08 14:28:26'),
(15,107142849,'911308037825919000','914113306672048026',13,1,1,'2019-01-07 14:28:49','2019-01-08 14:28:49'),
(16,107142859,'911308037825919000','914113306672048026',12,1,1,'2019-01-07 14:28:59','2019-01-08 14:28:59'),
(17,107142920,'911308037825919000','914113306672048026',11,1,1,'2019-01-07 14:29:20','2019-01-08 14:29:20'),
(18,107142930,'911308037825919000','914113306672048026',10,1,1,'2019-01-07 14:29:30','2019-01-08 14:29:30'),
(19,107143201,'911308037825919000','914113306672048026',24,1,1,'2019-01-07 14:32:01','2019-01-08 14:32:01');

/*Table structure for table `tbl_logistics_info` */

DROP TABLE IF EXISTS `tbl_logistics_info`;

CREATE TABLE `tbl_logistics_info` (
  `id` int(4) NOT NULL AUTO_INCREMENT,
  `waybillId` varchar(20) NOT NULL COMMENT '运单号（时间戳+物流商企业机构代码编号后四位：2018080110034455）',
  `updateDate` varchar(20) NOT NULL COMMENT '更新时间',
  `submitUser` varchar(5) NOT NULL COMMENT '提交人',
  `location` varchar(20) NOT NULL COMMENT '地点',
  `content` varchar(80) NOT NULL COMMENT '内容',
  PRIMARY KEY (`id`)
) ENGINE=InnoDB AUTO_INCREMENT=3 DEFAULT CHARSET=utf8;

/*Data for the table `tbl_logistics_info` */

insert  into `tbl_logistics_info`(`id`,`waybillId`,`updateDate`,`submitUser`,`location`,`content`) values 
(1,'20190104101857W223','2019-01-04','王国','宁波','交接'),
(2,'20190104101857W223','2019-02-02','王国','上海','到达目的地');

/*Table structure for table `tbl_news_info` */

DROP TABLE IF EXISTS `tbl_news_info`;

CREATE TABLE `tbl_news_info` (
  `id` int(4) NOT NULL AUTO_INCREMENT,
  `NAME` varchar(20) NOT NULL COMMENT '用户名称',
  `title` varchar(50) NOT NULL COMMENT '标题',
  `TYPE` varchar(10) NOT NULL COMMENT '类型（电力行业、煤炭价格、市场分析、宏观政策）',
  `reviewState` int(3) NOT NULL COMMENT '0-待审核 1-通过 2-未通过',
  `createDate` varchar(20) NOT NULL COMMENT '创建时间',
  `content` varchar(1000) NOT NULL COMMENT '内容',
  `recordID` varchar(20) NOT NULL COMMENT '记录编号',
  `submitDate` varchar(20) NOT NULL COMMENT '提交审核时间',
  PRIMARY KEY (`id`)
) ENGINE=InnoDB AUTO_INCREMENT=31 DEFAULT CHARSET=utf8;

/*Data for the table `tbl_news_info` */

insert  into `tbl_news_info`(`id`,`NAME`,`title`,`TYPE`,`reviewState`,`createDate`,`content`,`recordID`,`submitDate`) values 
(2,'中国煤炭资源网','西班牙煤炭行业即将退出历史舞台','hgzc',1,'2019-01-04 10:34:02','<p>&nbsp; 根据欧盟指令，自2019年1月1日起，西班牙所有不再盈利但仍获得公共资金补贴的煤矿必须停止生产，这意味着该国无利可图的煤炭行业走向了终结。<br />\r\n&nbsp; &nbsp;2016年，西班牙政府曾在欧盟的支持下宣布了一项计划，投资21.3亿欧元完成煤矿的关闭。而那些在截止日期前未停产的煤矿应当将资金交还。<br />\r\n10月份，西班牙社会党政府与工会达成协议，以确保工人获得提前退休等福利的机会，并拨款2.5亿欧元用于资助创业和重新利用废弃煤矿。<br />\r\n社会党政府预计，预计约有60%的工人会选择提前退休。<br />\r\n出于环保原因，欧盟希望尽早结束对煤矿的公共援助。去年12月初，德国关闭了最后一座煤矿，而西班牙将关闭煤矿日期一直延长至2018年底。<br />\r\n煤炭在西班牙能源需求的占比不足10%，该国使用的煤炭大多数来自进口。<br />\r\n&nbsp; 由于开采成本高昂，西班牙煤矿逐渐关闭。关闭的煤矿主要集中于阿斯图里亚斯、卡斯蒂利亚和莱昂以及阿拉贡的北部地区。<br />\r\n二十世纪50年代，西班牙煤炭行业雇佣人数约为10万人，但此后逐年下降，目前已降至约2000人。<br />\r\n&nbsp; 埃斯康迪达（La Escondida）是莱昂省西北部唯一一个正在运营的煤矿，该煤矿雇佣工人70名，每月产量7000吨。<br />\r\n该矿主反对关闭埃斯康迪达煤矿，并表示已经提出开发临近煤层的项目，但尚未获得该州政府资助。据预计，新项目煤炭储量达到数百万吨。<br />\r\n&nbsp; 据称，西班牙正朝着更加环保的方向发展。该国希望到2020年实现欧盟设定的可再生能源增加至20%，当前占比为17%。<br />\r\n若未能达到目标，或将引发欧盟诉讼和罚款。<br />\r\n&nbsp;</p>\r\n','AR201901041145140810','2019-01-04'),
(3,'秦皇岛煤炭网 ','节后市场情绪升温 煤价小幅上涨','scfx',1,'2019-01-04 10:36:31','<p>&nbsp; &nbsp;元旦假期后，动力煤价格呈上涨走势，但涨幅不大，截至2019年1月3日，5500大卡煤炭主流成交价格维持在585元/吨左右。假期前，市场已现企稳迹象，但受假期到来影响，交易双方多持观望态度，随着节后市场利多情绪升温，煤炭价格稳步上移。</p>\r\n\r\n<p>1.产地价格上涨支撑港口煤价反弹。临近年底，产地煤矿停产在即，部分在产煤矿也以安全生产为主，开始减产，煤炭供应预期减少，下游终端认为煤价难以继续下降，开启年底备货，增加采购量。</p>\r\n\r\n<p>2.下游终端库存不断消化，采购需求增加。近期沿海主要电厂日耗高位运行，2018年12月29、30两日更是冲高至81万吨以上，截至2019年1月3日，电厂库存维持在1457.9万吨，存煤可用天数降至20天左右，较2018年12月2日年度最高点降了约363万吨，库存不断消耗，而且随着雨雪天气增多，下游担心后期运输通道受阻，影响春节期间用煤需求，开始囤煤。</p>\r\n\r\n<p>3.曹妃甸三港集体上调作业包干费，助推港口贸易商挺价情绪。通告公布，三港从2019年1月1日起，执行新的港口作业包干费，港口作业包干费上调至18.5元/吨，港口作业包干费将按照统一对外公示的收费标准执行，其他港口费收项目继续执行现行标准。作业包干费的上涨，使交易成本增加，部分贸易商提高报价。 目前下游仍以长协煤拉运为主，市场煤交易虽较前期有所增加，但交易活跃度仍不是很高，电厂库存虽持续下降但仍较去年同期高440多万吨，而且1月下旬开始，下游工业、企业停产及放假情况增多，日耗预期下降，此轮煤价上涨或缺乏持续性支撑。</p>\r\n','AR201901041145140810','2019-01-04'),
(4,'中国煤炭资源网','澜沧江大华桥水电站全部机组正式投产','dlhy',1,'2019-01-04 10:38:39','<p>&nbsp; &nbsp;从华能澜沧江水电股份有限公司获悉，2019年1月1日华能澜沧江水电股份有限公司所属大华桥水电站4号机组（23万千瓦）顺利完成72小时满负荷试运行后正式进入商业运行。至此，大华桥水电站4台机组全部投产发电。<br />\r\n据悉，大华桥水电站位于云南省怒江州兰坪县兔峨乡境内澜沧江上游河段上，是澜沧江干流水电基地上游河段规划的八座梯级电站中的第六级。工程为堤坝式开发，以发电为主。上游是黄登水电站，下游与苗尾水电站衔接。总装机容量92万千瓦（4&times;23万千瓦），设计多年平均发电量39.18亿千瓦时。<br />\r\n&nbsp;</p>\r\n','AR201901041145140810','2019-01-04'),
(5,'中国煤炭资源网','甘肃武山县23.7兆瓦光伏扶贫项目正式并网发电','dlhy',1,'2019-01-04 10:39:10','<p>&nbsp; &nbsp;武山县信息中心消息，武山县光伏扶贫项目经过前一段时间对设备、线路供电进行反复调试，于12月26日正式并网发电。<br />\r\n据了解，武山县光伏扶贫项目总投资2.04亿元，占地面积780余亩，装机容量23.7兆瓦，通过为贫困户和贫困村分红，将带动全县156个贫困村增加集体经济收入、3615户贫困群众实现连续稳定增收，有力助推整县脱贫摘帽。<br />\r\n&nbsp;</p>\r\n','AR201901041145140810','2019-01-04'),
(7,'本站原创','煤炭资讯周报（2018年11月第4周）','mtjg',1,'2019-01-04 10:41:41','<p>〖本周回顾〗<br />\r\n本周，动力煤市场整体仍然偏弱。港口价格止跌企稳，坑口价格均有下降10-20元不等。受期货震荡、贸易商挺价、进口煤政策等因素影响市场心态，港口价格在周四出现回升。但是，现阶段电厂、港口库存充足，叠加坑口价格也在下降，现货市场成交冷清。<br />\r\n&nbsp;<br />\r\n〖下周预测〗<br />\r\n当前，受进口煤配额确定性收紧、寒冬即将到来等因素影响，港口煤价呈现企稳止跌现象。不过不具有持续上涨的可能。<br />\r\n1. 目前下游电厂库存持续高位，下游还盘价格较低，市场整体成交冷清。<br />\r\n2.进口煤补充数量减少，一定程度上会加大对国内煤炭的采购。但是，由于当前电厂存煤高位，还需要时间来消耗高位的库存。预计下周煤炭价格整体处于震荡调整状态。<br />\r\n&nbsp;</p>\r\n','AR201901041145140810','2019-01-04'),
(8,'甘肃经济日报','2020年甘肃省煤炭占能源消费比重将降至54%以下','hgzc',1,'2019-01-07 14:15:53','<p>&nbsp;&nbsp;&nbsp; 省政府办公厅近日印发《关于贯彻国务院部署保持基础设施领域补短板力度的实施方案》。《方案》提出，到2020年，全省将削减煤炭消费量447万吨，煤炭占能源消费比重降低到54%以下，资源综合利用产品产值达到100亿元。</p>\r\n\r\n<p>&nbsp; 《方案》明确提出，甘肃省要抢抓&ldquo;一带一路&rdquo;建设政策机遇，紧紧围绕打好精准脱贫、污染防治攻坚战，着力补齐铁路、公路、水运、机场、水利、能源、农业农村、生态环保、公共服务、城乡基础设施、棚户区改造等领域短板，加快推进已纳入规划的重大项目。在脱贫攻坚领域，争取国家支持甘肃省&ldquo;十三五&rdquo;第二批光伏扶贫项目，力争今年年底前全面完成项目建设任务，实现符合条件地区无集体收入建档立卡贫困村光伏扶贫项目全覆盖。机场领域，重点推进兰州中川国际机场三期扩建工程、天水机场迁建工程前期工作，争取国家尽快批复实施。争取榆中夏官营机场改扩建工程、定西民用机场项目纳入民航专项规划。</p>\r\n\r\n<p>&nbsp; 《方案》提出，在水利领域，今年建成引洮济合主体工程、天水城区引洮供水工程。争取将甘肃中部生态移民扶贫开发供水工程纳入国务院172项重大水利工程政策范围。能源领域，今年建成750千伏河西电网加强工程，助推新能源电力送出消纳，到2020年建成兰州、白银、定西等6个LNG（液化天然气）储备中心，全省形成2.1亿立方米的储气能力。生态环保领域，力争到2020年城市、县城污水处理率分别达到95%、85%左右，生活垃圾无害化处理率分别达到95%、80%，力争今年全省乡村垃圾全部得到有效处理。到2020年，全省削减煤炭消费量447万吨，煤炭占能源消费比重降低到54%以下，资源综合利用产品产值达到100亿元。</p>\r\n','AR201901071145140810','2019-01-07'),
(11,' 兰州晚报','兰州市全面完成2018年煤炭行业化解过剩产能任务','hgzc',1,'2019-01-07 14:25:31','<p>12月27日，记者从兰州市安全生产监督管理局获悉，根据省政府《关于对全省2018年煤炭行业化解过剩产能完成情况的公告》要求，2018年，我市计划关闭煤矿两处、退出落后产能12万吨，现已全部关闭退出到位，并已通过省、市、县三级验收，全面完成了2018年煤炭行业化解过剩产能任务。这两处关闭煤矿都位于永登县，分别是甘肃大有永兴煤业有限责任公司，退出产能6万吨/年；永登县大有中川煤矿，退出产能6万吨/年。来源：秦皇岛煤炭网</p>\r\n','AR201901071145140810','2019-01-07'),
(12,' 山东省人民政府网站 ','山东省2018年煤炭产能退出情况公告','hgzc',1,'2019-01-07 14:28:07','<p>为贯彻落实《国务院关于煤炭行业化解过剩产能实现脱困发展的意见》（国发〔2016〕7号）部署，按照国家发展改革委等《关于做好2018年重点领域化解过剩产能工作的通知》（发改运行〔2018〕554号）要求，山东省坚持把化解煤炭过剩产能作为推进煤炭工业高质量发展的重点工作，积极推进煤炭行业化解过剩产能，计划关闭煤矿10处、退出产能465万吨。经省煤炭行业化解过剩产能实现脱困发展领导小组办公室组织省级联合验收，截至10月底，全省实际退出煤炭产能485万吨，其中，关闭煤矿10处，退出产能465万吨；核减产能煤矿2处，退出产能20万吨。按照钢铁煤炭行业化解过剩产能和脱困发展工作部际联席会议办公室《关于做好钢铁煤炭去产能公示公告工作的通知》要求，经省政府批准，现将我省煤炭产能退出情况予以公告。</p>\r\n\r\n<p><a href=\"https://www.cctd.com.cn/uploadfile/2018/1228/20181228095021278.pdf\">附件：山东省2018年煤炭产能退出情况表</a></p>\r\n','AR201901071145140810','2019-01-07'),
(14,' 陕煤集团','陕煤集团陕渝能源战略合作2018年目标任务全面完成','hgzc',1,'2019-01-07 14:29:26','<p>12月20日，陕煤集团在渝静态储煤库存达到50.18万吨，提前11天完成迎峰度冬储煤任务。自此，陕渝能源战略合作2018年度目标任务全面完成。</p>\r\n\r\n<p>据悉，截至11月17日，陕煤集团入渝煤炭总量达到758.29万吨，完成进度计划的114.81%，提前44天完成全年750万吨入渝保供目标，预计到年度可发运850万吨。截至11月20日，陕煤集团在渝常态储煤累计调入煤炭150.23万吨，提前41天完成全年滚动储煤150万吨的年度计划。同时，经过近一年的筹备、采集、编制，长江中上游（重）动力煤价格指数于12月5日成功发布，填补了区域煤炭价格指数空白，为区域企业经营和政府决策提供了依据。</p>\r\n\r\n<p>2018年，陕渝能源战略合作双方注重顶层设计，高层互动频繁。一年来，参与合作的各单位和部门注重强化执行，入渝煤炭量创造新的纪录，预计可提前一年完成了850万吨目标任务。同时，战略双方注重制度保障和长效机制建立，坚持季度联席会议机制，严格执行《在渝常态储煤制度》，陕煤集团内部强化目标任务考核，对渝保供坚持&ldquo;资源、运力和服务保障三优先&rdquo;&ldquo;同时不高于市场价和长协价&rdquo;，确保&ldquo;眼前利益服从长远利益，经济利益服从诚信红利&rdquo;落实，入渝保供两年三番，使重庆成为全国首个电煤对外依存度高达80%，但迎峰期间未出现拉闸限电，且常态电煤应急储存超过50万吨，煤炭价格低于同等物流条件区域的省份。</p>\r\n\r\n<p>2019年，陕煤集团将持续抓好入渝保供工作，力争实现入渝总量确保850万吨，奋斗1000万吨的目标任务，提前一年实现陕渝能源战略合作设定目标，用事实继续彰显&ldquo;陕煤担当&rdquo;和&ldquo;陕煤力量&rdquo;。</p>\r\n','AR201901071145140810','2019-01-07'),
(15,' 中国电力新闻网 ','海南省明确实行煤炭消费总量控制制度','hgzc',1,'2019-01-07 14:30:07','<p>日前，海南省发布《海南省大气污染防治条例》（以下简称《条例》），明确实行煤炭消费总量控制制度，逐步减少煤炭消费总量，逐步淘汰现有燃煤机组。《条例》自2019年3月1日起施行。</p>\r\n\r\n<p>《条例》明确，禁止进口、销售和燃用不符合质量标准的煤炭；禁止进口、销售不符合质量标准的石油焦；禁止燃用石油焦。县级以上人民政府市场监督管理主管部门应当加强煤炭、石油焦质量管理，不定期对煤炭、石油焦质量进行抽检，并向社会公开抽检结果。</p>\r\n\r\n<p>《条例》指出，逐步淘汰燃煤锅炉。现有燃煤机组和燃煤锅炉应当按照省人民政府生态环境主管部门和市场监督管理主管部门的要求，限期实行超低排放改造。现有燃用天然气等清洁能源的锅炉、窑炉，应当在县级以上人民政府生态环境主管部门规定的期限内完成低氮燃烧的技术改造。新建燃用天然气等清洁能源的锅炉、窑炉等设施应当采用低氮燃烧等污染控制措施。已实施集中供热的工（产）业园区，禁止新建、改建、扩建分散供热锅炉，原有分散供热锅炉应当在市、县、自治县人民政府市场监督管理主管部门规定的期限内拆除；尚未实施集中供热的工（产）业园区有供热需求的，应当在市、县、自治县人民政府市场监督管理主管部门规定的期限内尽快实施集中供热，并拆除原有分散供热锅炉。</p>\r\n\r\n<p>同时，《条例》要求现有码头应当逐步实施岸基供电设施改造。新建码头应当规划、设计和建设岸基供电设施。船舶靠港后应当优先使用岸电。</p>\r\n','AR201901071145140810','2019-01-07'),
(16,'中国能源报 ','多地敲定煤电应急调峰储备电源方案','hgzc',1,'2019-01-07 14:31:41','<p>近日，湖北省能源局、国家能源局华中监管局发布了《关于印发&lt;湖北省煤电应急调峰储备电源启动运行方案&gt;的通知》（以下简称《通知》），要求国网华中分部、湖北省电力公司及各有关发电企业执行其组织制定的《湖北省煤电应急调峰储备电源启动运行方案》（以下简称《方案》）。</p>\r\n\r\n<p>《方案》就煤电应急调峰储备电源的定义、具备条件、启动条件、程序及顺序等方面提出了要求。《方案》明确指出，煤电应急调峰储备电源应与电力调度机构签订并网调度协议，完成168小时满负荷试运，确保设备缺陷消除、污染物排放达到超低排放水平，满足涉网安全管理需要。煤电应急调峰储备电源不参与省内电力市场交易，168小时满负荷试运完成前所发电量按照湖北省燃煤发电机组脱硫标杆上网电价的80%结算上网电量，其他电量参照湖北省燃煤机组标杆上网电价政策执行。</p>\r\n\r\n<p>&nbsp;据了解，湖北省在《方案》下发后，便首次调动了煤电应急调峰储备电源保障电力供应。国家能源局华中监管局于12月19日发布公告称，因受强冷空气影响，湖北省用电负荷不断攀升，其中，12月10日的统调最大负荷达到3043.4万千瓦，创冬季用电负荷历史新高。因此，12月10日-16日，湖北省电力调控中心首次调用煤电应急调峰储备电源机组（南郡2号机组）参与系统平衡，以保障电力供应。</p>\r\n\r\n<p>今年9月13日，国家能源局、国家发改委就发布了关于煤电应急调峰储备电源管理的指导意见（以下简称《指导意见》），指出煤电应急调峰储备电源是指未纳入年度投产计划，手续合法齐全并已基本完成工程建设，且具备并网发电条件的煤电（热电）机组，在电力、热力供应紧张、电网严重故障以及重大保电需要时，启动运行发挥应急保障作用，在其他时段停机备用。煤电应急调峰储备电源机组总容量原则上不应超过上一年度最大负荷的2%。</p>\r\n','AR201901071145140893','2019-01-07'),
(17,'新华网','全国财政工作会议释放信号：减','hgzc',1,'2019-01-07 14:32:52','<p>&nbsp;&nbsp;&nbsp;&nbsp;&nbsp;&nbsp; 中央经济工作会议提出，2019年宏观政策要强化逆周期调节，继续实施积极的财政政策和稳健的货币政策，适时预调微调，稳定总需求。</p>\r\n\r\n<p>　　面对更加复杂严峻的国内外经济环境，明年积极的财政政策如何加力提效？27日至28日举行的全国财政工作会释放积极信号。</p>\r\n\r\n<p>　　&ldquo;减&rdquo;&mdash;&mdash;大规模减税降费为全社会减负<br />\r\n　　财政部部长刘昆说，明年积极的财政政策要加力提效，&ldquo;加力&rdquo;就体现在实施更大规模的减税降费和增加支出规模。</p>\r\n\r\n<p>　　即将过去的2018年，我国实施了较大规模的减税降费，全年减税降费规模预计超过1.3万亿元。</p>\r\n\r\n<p>　　刘昆说，2019年，我国将实行普惠性减税和结构性减税相结合，重点减轻制造业和小微企业税收负担，支持实体经济发展。对小微企业和科技型初创企业实施普惠性税收减免。全面实施修改后的个人所得税法，落实好6项专项附加扣除政策，减轻居民税负。</p>\r\n\r\n<p>　　明年还将推进更为明显的降费。清理规范地方收费项目，加大对乱收费查处和整治力度；加强收费项目清单&ldquo;一张网&rdquo;建设，健全乱收费投诉举报查处机制。</p>\r\n\r\n<p>　　刘昆说，明年还将为民营经济营造更好发展环境，包括鼓励金融机构加大对民营企业特别是中小企业的支持，督促国家融资担保基金加快与省市融资担保、再担保机构开展业务合作，继续对小微企业融资担保业务降费进行奖补。用好普惠金融发展专项资金，提高普惠群体和重点领域金融服务可得性。</p>\r\n\r\n<p>　　同时，对标国际一流经验和世界银行全球营商环境报告，推动加大改革力度，力争实现我国营商环境全球排名稳中有升。</p>\r\n','AR201901071145140893','2019-01-07'),
(18,'新华网','全国财政工作会议释放信号：加','hgzc',1,'2019-01-07 14:33:32','<p>&nbsp;&nbsp;&nbsp; &ldquo;加&rdquo;&mdash;&mdash;重点支出不减力助力高质量发展<br />\r\n　　积极的财政政策&ldquo;加力&rdquo;，还有一大表现就是增加支出规模。</p>\r\n\r\n<p>　　刘昆表示，2019年将进一步调整优化支出结构，该保的支出必须保障好，该减的支出一定要减下来。增加对脱贫攻坚、&ldquo;三农&rdquo;、结构调整、科技创新、生态环保、民生等领域的投入。</p>\r\n\r\n<p>　　积极促进就业创业，支持发展公平优质教育，提高社会保障水平，统筹推进社会救助体系建设等强化民生兜底保障，促进文化事业发展&hellip;&hellip;会议明确，2019年要坚持经济发展和民生改善相协调，尽力而为、量力而行，突出保基本、兜底线，提高保障和改善民生水平，让人民群众有更多获得感。</p>\r\n\r\n<p>　　继续强化财政投入保障，支持精准扶贫精准脱贫，深入推进贫困县涉农资金整合试点；加大投入力度，聚焦打赢蓝天保卫战等七大标志性战役&hellip;&hellip;一系列硬举措将助力精准脱贫、生态环保攻坚战。</p>\r\n\r\n<p>　　2019年，财政&ldquo;真金白银&rdquo;还将聚焦突出短板和薄弱环节，推动经济转型升级。创新财政资金支持方式，促进制造业高质量发展；加大研发投入，提升创新能力和效率；更好服务民营经济和中小企业等发展，增强市场主体活力，加快发展壮大新动能，提升经济创新力和竞争力。</p>\r\n','AR201901071145140893','2019-01-07'),
(19,'新华网','全国财政工作会议释放信号：防','hgzc',1,'2019-01-07 14:34:12','<p>&nbsp;&nbsp; &ldquo;&nbsp; 防&rdquo;&mdash;&mdash;有效防范化解财政金融风险<br />\r\n　　中央经济工作会议对明年如何打好防范化解重大风险攻坚战作出部署，新一年财政政策如何助力经济防风险？</p>\r\n\r\n<p>　　&ldquo;坚持从严整治举债乱象，对违法违规举债融资行为，发现一起、问责一起、通报一起，终身问责、倒查责任。&rdquo;刘昆说，2018年，财政部门坚持开好&ldquo;前门&rdquo;、严堵&ldquo;后门&rdquo;，牢牢守住不发生系统性风险的底线，明年将采取更有力措施有效防范化解财政金融风险。</p>\r\n\r\n<p>　　此外，明年还将大幅增加地方政府专项债券，为重点项目建设提供资金保障，也为防范化解地方政府债务风险创造更好条件。</p>\r\n\r\n<p>　　刘昆强调，中央财政继续加大对地方转移支付和县级财力保障力度，监督指导地方化解债务风险的同时，各地要担起财政可持续的责任，始终绷紧财政可持续这根弦，坚持问题导向，强化工作举措，增强财政运行稳定性和风险防控有效性。</p>\r\n','AR201901071145140893','2019-01-07'),
(20,'新华网','全国财政工作会议释放信号：深','hgzc',1,'2019-01-07 14:34:44','<p>&nbsp;&nbsp;&nbsp; &ldquo;深&rdquo;&mdash;&mdash;重点突破继续深化财税体制改革<br />\r\n　　站在改革开放40周年的历史新起点上，明年财税体制改革如何再发力？</p>\r\n\r\n<p>　　刘昆说，明年实施积极的财政政策，在稳定总需求的同时，要坚持以供给侧结构性改革为主线不动摇，认真贯彻落实&ldquo;巩固、增强、提升、畅通&rdquo;八字方针，围绕巩固&ldquo;三去一降一补&rdquo;成果、增强微观主体活力、提升产业链水平、畅通国民经济循环，发挥好财税政策的结构性调控优势，推动经济高质量发展。</p>\r\n\r\n<p>　　此外，深化财税体制改革将按照有利于激发微观主体活力和调动地方积极性的要求，进一步突破重点改革任务：加快财政体制改革，抓紧制定分领域中央与地方财政事权和支出责任划分改革方案；健全预算管理制度，提高支出预算和政策透明度；深化增值税改革，推进综合与分类相结合的个人所得税制改革，推动健全地方税体系改革，加大推进税收立法工作力度，进一步完善税收制度。</p>\r\n\r\n<p>　　2018年我国关税总水平由2017年的9.8%降至7.5%，一系列降关税举措释放扩大开放积极信号。刘昆表示，新的一年，财政部门将根据国际形势新变化新特点，积极参与和引领国际财经等领域的规则制定，坚定维护和增进国家利益。</p>\r\n','AR201901071145140893','2019-01-07'),
(21,'中国煤炭资源网','统计局：12月下旬全国部分动力煤价格跌幅加大','scfx',0,'2019-01-07 14:47:17','<p>国家统计局于1月4日公布的数据显示，12月下旬全国煤炭价格稳中有跌。各煤种具体价格变化情况如下：</p>\r\n\r\n<p>无烟煤（2号洗中块）价格1206.7元/吨，与上期持平。</p>\r\n\r\n<p>普通混煤（4500大卡）价格465元/吨，较上期下跌12.5元/吨，跌幅为2.6%。</p>\r\n\r\n<p>山西大混（5000大卡）价格为522.5元/吨，较上期下跌15元/吨，跌幅为2.8%。</p>\r\n\r\n<p>山西优混（5500大卡）价格为570元/吨，与上期持平。</p>\r\n\r\n<p>大同混煤（5800大卡）价格为625元/吨，较上期下跌12.5元/吨，跌幅为2%。</p>\r\n\r\n<p>焦煤（1/3焦煤）价格为1350元/吨，与上期持平。</p>\r\n\r\n<p>上述数据显示，12月下旬全国无烟煤，焦煤价格维稳，部分动力煤价格跌幅加大。</p>\r\n','AR201901071145140893','2019-01-07'),
(22,'中国煤炭资源网','强冷空气袭来 或利好动力煤需求','scfx',0,'2019-01-07 14:48:25','<p>据中央气象台消息，受频繁活动的强冷空气影响，12月26日至31日，中东部大部地区将先后降温6-10℃，最低温度0℃线从黄淮逐步南移，30日至31日将移至南岭一带地区，贵州湖南等地局地降温超14℃。中央气象台12月27日06时继续发布寒潮蓝色预警。</p>\r\n\r\n<p>有煤炭分析师表示，&ldquo;强冷空气将影响中东部地区，南方将有明显雨雪天气，大面积降温天气利好动力煤需求。&rdquo;电厂日耗继续提升，库存可用天数下滑。此外，临近年底，流动性偏紧。这些因素或将对动力煤价格形成支撑。</p>\r\n\r\n<p>回顾几年入冬以来的煤价波动情况，11月份，受气温下降等利好因素拉动，港口市场煤价格连续出现两次小幅上涨。</p>\r\n\r\n<p>而随着12月份的降临，尽管气温下降，电厂日耗小幅回升，且市场煤价格一度止跌企稳；但下游电厂对电厂日耗上升、现货煤走平并不买账，依靠高位的库存，对北方港口长协煤炭保持刚性拉运，对市场煤保持零星采购；环渤海港口中，除了黄骅港下锚船保持高位以外，其余港口下锚船较少，交割量也很少，促使港口市场煤价格在12月上旬出现走平之后，再次掉头下跌，目前还没看见谷底。</p>\r\n\r\n<p>整体来看，较为宽松的供需格局才是煤价下行的主要原因。</p>\r\n\r\n<p>统计局数据显示，今年11月，国内原煤产量3.15亿吨，同比增长4.5%，为2016年以来单月产量最高水平，日均产量1051万吨，这是自2015年12月以来的最高水平。</p>\r\n\r\n<p>而下游需求方面，尽管全国气温快速下降带动煤炭需求有所回升，但是目前下游库存仍处于高位，交易仍以长协为主，市场煤销售情况依旧不太乐观。</p>\r\n\r\n<p>在需求平稳，主产区产量释放正常的情况下，短期内供应宽松格局降延续，市场采购持续疲软，煤价支撑有限。</p>\r\n\r\n<p>据中国煤炭资源网了解，临近年关，部分贸易商对年底前煤炭涨价不抱有信心，开始由12月上旬的挺价转为降价甩货，</p>\r\n\r\n<p>不过，从长期来看，不论是温度的升高或是降低，全社会用电量将会增加，占比最大的火电发电量也会随之增加，下游电厂的耗煤量或将出现稳步提升，动力煤需求将随之增加。</p>\r\n','AR201901071145140893','2019-01-07'),
(23,' 经济参考报','煤市“旺季不旺” 煤价向绿色区间回归','scfx',0,'2019-01-07 14:49:10','<p>临近年底，煤炭市场&ldquo;旺季不旺&rdquo;，市场看空预期增强，煤价逐渐向绿色价格区间回归。市场分析认为，新年度即将开始，短期内煤价仍将面临较大下行压力。</p>\r\n\r\n<p>&nbsp;12月26日，环渤海动力煤价格指数报收于569元/吨，环比下降1元/吨。尽管沿海六大电厂煤炭日耗超过70万吨，库存量即将跌破1600万吨，但经过前期淡季的提前补库，仍处于相对高位，较去年同期高600万吨左右，电厂采购需求不高。</p>\r\n\r\n<p>&nbsp;产地方面，最新一期中国太原煤炭价格指数为143.34点，环比下跌0.37%。受环保检查等因素影响，山西部分地区煤矿、洗煤厂关停，加之临近年底，部分煤矿为保安全，普遍主动减产，煤炭产量略有缩减。</p>\r\n\r\n<p>&nbsp;秦皇岛煤炭网分析师指出，临近年底，一些煤炭持货方存在资金回笼压力，已开始低价抛货，但电厂接货意愿依然较低，远期合约大幅贴水，ZC905合约一度下探至551元/吨，悲观情绪不断发酵。</p>\r\n\r\n<p>&nbsp;同时，随着现货动力煤价格的下行，长协动力煤价格优势逐渐消失，市场担心大型煤企降价促销。此前，部分大型煤企就已下调12月份月度长协价格，2019年长协价格随之承压，市场下行压力较大。</p>\r\n\r\n<p>&nbsp;值得注意的是，进口煤对内贸煤价的冲击已开始显现。元旦过后，进口煤将增加通关份额，尽管当前政策并不明朗，但已有大量进口煤到岸等待通关，后续仍将陆续有货到岸，煤炭有效供给的预见性增加，国内外煤价的互动性再度增强。</p>\r\n','AR201901071145140893','2019-01-07'),
(24,'中国煤炭市场网','后期炼焦煤市场继续维持弱稳运行','scfx',0,'2019-01-07 14:49:55','<p><strong>&nbsp;&nbsp;&nbsp;&nbsp;&nbsp;&nbsp;&nbsp; 国内动力煤市场弱势下跌。</strong>最新一期环渤海动力煤价格指数报收于570元/吨，下跌1元/吨。其中秦皇岛港5500大卡动力煤平仓均价570元/吨，与上期持平；京唐港4500大卡平仓均价470元/吨, 下跌10元/吨。截至12月21日，秦皇岛港存煤量611万吨，比上期减少31万吨。虽然近期电厂煤耗明显提高、需求有所恢复，但供给过剩导致的市场颓势并无明显改观，相反，市场弱势在向上游传导，本周，内蒙区域动力煤产地价格普遍下调10-25元/吨，动力煤市场的弱势格局进一步强化。<br />\r\n&nbsp; &nbsp; &nbsp; &nbsp;<strong>国内炼焦煤市场弱势稳定。</strong>本期国内炼焦煤市场总体稳定，各品种煤价格变化均不大。在钢焦市场的拖累之下，炼焦煤市场向弱势演变，但本周市场趋于稳定，只有个别地区出现零星下调，主要是临近年底，出于安全考虑煤矿生产均保持谨慎，市场总体呈现弱平衡态势。近日，山东开始全省范围的煤矿安全生产大检查，时间持续到一月底，这对缓解区域资源供给过剩压力有一定帮助，预计后期炼焦煤市场继续维持弱稳运行。<br />\r\n&nbsp; &nbsp; &nbsp; &nbsp;<strong>国内焦炭市场稳定运行</strong>。本周国内焦炭市场进一步企稳，各地区焦炭价格均没有变化。上周，河北、山西及华东一些地区企业开始试探性调高报价，但最终实现上调的企业并不多。主要是钢价反弹力度较弱、市场预期相对悲观。另外，受环保影响，入冬以来各地钢厂限产明显增多，焦炭需求受到抑制。截至12月21日，唐山地区二级冶金焦成交均价2190元/吨，连续三周持平。</p>\r\n','AR201901071145140893','2019-01-07'),
(25,'中国煤炭市场网','国际三港动力煤价格涨跌互现','scfx',0,'2019-01-07 14:50:42','<p>&nbsp;&nbsp;&nbsp;&nbsp;&nbsp; 上周，国际动力煤市场需求不同，价格涨跌互现。上周，在国内电厂需求较差的大环境下，纽卡斯尔港动力煤价格小幅下降；南非煤供应偏紧，理查兹港煤价延续涨势；欧洲地区需求继续增加，欧洲三港煤价继续上涨。据中国煤炭市场网监测：截止12月21日，澳大利亚纽卡斯尔港动力煤价格指数为100.56元/吨，较12月14日下降1.84美元/吨，降幅为1.80%；理查兹港动力煤价格指数为97.69美元/吨，较12月14日上涨2.24美元/吨，涨幅为2.35%；欧洲ARA三港市场动力煤价格指数为89.23美元/吨，较12月14日上涨2.67美元/吨，涨幅为3.08%。</p>\r\n','AR201901071145140893','2019-01-07'),
(26,'海运圈 ','中国“限煤令”对巴拿马型船需求产生不利影响','scfx',0,'2019-01-07 14:52:35','<p>据德路里（Drewry）航运咨询机构消息，中国政府在2018年11月和12月抑制煤和褐煤进口的目标正对巴拿马型船的需求产生不利影响，从而也会对运价产生不利影响。尽管如此，我们认为进口将受到2019年第一季度冬季和高能源需求的支撑。</p>\r\n\r\n<p>在2018年前三个季度，由于发电需求的增加，中国的煤炭进口量迅速增加。截至今年9月，我国海运煤炭和褐煤进口总量为1.69亿吨，比2017年同期增长7.6%。然而，由于中国政府在2018年第四季度只允许有限进口，因此现在这一趋势出现逆转，因此今年的煤炭进口总量不会超过2017年。</p>\r\n\r\n<p>为了控制进口，有关当局正在收紧港口限制，这反过来又拖延了海关清关。由此导致的中国煤炭进口下降不利于巴拿马型船的使用，从而影响干散货运市场。</p>\r\n\r\n<p>由于进口疲软，船舶使用契机将主要受印尼-中国航线，以及和澳大利亚-中国航线影响。因为97%的中国进口来自印度尼西亚和澳大利亚，其余来自加拿大、美国和哥伦比亚。</p>\r\n\r\n<p><strong>关于进口的规定减少了巴拿马型船的使用率</strong></p>\r\n\r\n<p>对煤炭进口的更严格监管正在对船舶需求产生不利影响。</p>\r\n\r\n<p>鉴于中国政府打算将2018年的年度煤炭进口量与2017年持平，2018年第四季度仅可进口4200万吨煤和褐煤。</p>\r\n\r\n<p>这将会用到约148艘船舶， 相比2017年第四季度在船舶的使用数量上减少了41艘。</p>\r\n\r\n<p>对中国煤炭进口的看跌前景以及随之而来的巴拿马型船舶需求下降无疑会影响运费。今年11月，澳大利亚-中国航线和印尼-中国航线运价按月计算下降了10-12%，而12月的数据也不太乐观，因为煤炭进口限制在2019年前不太可能缓解。</p>\r\n\r\n<p><strong>希望仍然存在</strong></p>\r\n\r\n<p>但我们认为巴拿马型市场的中断将是暂时的，中国对煤炭的进口量应该会在2019年的前几个月有所上升，原因是寒冷的天气可能会使能源消耗保持在高位。此外，低煤价可能会提升印度等其他主要消费国的进口量。</p>\r\n','AR201901071145140893','2019-01-07'),
(27,'中国煤炭市场网','国际三港动力煤价格纷纷回升','hgzc',0,'2019-01-07 14:56:03','<p>&nbsp;&nbsp;&nbsp;&nbsp;&nbsp;&nbsp; 上周，国际动力煤市场需求有所增加，价格纷纷小幅回升。上周，尽管中国进口煤需求有限，但日韩终端用户受气温降低影响，现货采购需求有所增加，纽卡斯尔港动力煤价格小幅回升；南非煤供应偏紧，理查兹港煤价止跌回升；欧洲地区煤炭需求有所增加，欧洲三港煤价小幅回升。据中国煤炭市场网监测：截止11月30日，澳大利亚纽卡斯尔港动力煤价格指数为99.95元/吨，较11月23日上涨1.19美元/吨，涨幅为1.20%；理查兹港动力煤价格指数为89.88美元/吨，较11月23日上涨2.83美元/吨，涨幅为3.25%；欧洲ARA三港市场动力煤价格指数为82.12美元/吨，较11月23日上涨1.69美元/吨，涨幅为2.10%。</p>\r\n','AR201901071145140893','2019-01-07'),
(28,'中国证券报·中证网','需求不佳 动力煤期价持续“降温”','scfx',0,'2019-01-07 14:59:44','<p>&nbsp;&nbsp;&nbsp;&nbsp; 自10月11日创下阶段高点671.8元/吨之后，动力煤期货主力1901合约便步入跌势，近期一度跌破600元/吨关口。分析人士表示，沿海六大电厂日耗不及去年同期水平，加上整体库存偏高，成为压制近期煤价的重要因素。预计在进口政策实际执行效果明晰前，动力煤期价难改弱势震荡。</p>\r\n\r\n<p>&nbsp;&nbsp;&nbsp;&nbsp;&nbsp; 期价跌跌不休</p>\r\n\r\n<p>&nbsp;&nbsp;&nbsp;&nbsp;&nbsp; 29日，动力煤期货延续弱势，主力1901合约收报595.2元/吨，跌7.4元或1.23%。中信期货分析师表示，实际的高库存、预期的低日耗与日渐减少的进口量将成为影响动力煤近月市场的主要矛盾，而日耗的同比降低不仅与冬季天气有关，主要的原因仍在于宏观弱势正向能源消费端传导，近月市场虽然存在供给收紧的弱支撑，但反弹力度不足，在进口政策实际执行效果明晰前，市场料维持弱势震荡的格局。</p>\r\n\r\n<p>&nbsp;&nbsp;&nbsp;&nbsp;&nbsp; 弘业期货分析师吴勇表示，沿海六大电厂日耗回升至55万吨附近，但比去年同期水平低了10万吨左右，加上整体库存偏高，库存可用天数维持在30天以上，对动力煤需求形成打压。</p>\r\n\r\n<p>&nbsp;&nbsp;&nbsp;&nbsp;&nbsp; 数据显示，目前沿海六大电厂日耗量回升至55万吨附近，虽然需求将会逐步增加，但今年的整体需求情况却明显低于去年同期水平，给予冬季煤价不小的阻力。电厂库存方面，今年以来，电厂一直采取高库存方式，截至11月26日，六大电厂的总库存量为1749.7万吨，继续高位运行。与此同时，煤炭可用天数维持在30天以上。&ldquo;电厂端需求不及以往将成为压制煤价的重要因素。&rdquo;吴勇表示。</p>\r\n\r\n<p>&nbsp;</p>\r\n','AR201901071145140893','2019-01-07'),
(29,'中国证券报','煤价能否复苏需看供应收缩力度','scfx',0,'2019-01-07 15:04:13','<p>进入11月采暖季后，国内煤炭价格并未出现明显起色。动力煤期货和焦煤焦炭期货主力合约窄幅震荡，价格重心总体有所下移。随着采暖旺季来临，煤炭板块能否逆转偏弱的供需格局，&ldquo;一鸣惊人&rdquo;走出多头行情？</p>\r\n\r\n<p>动力煤存下行风险</p>\r\n\r\n<p>动力煤方面，据报道，14-15日相关部门分别在江苏和广州召开进口煤会议，提出在今年年底之前，基本不再安排进口煤炭通关。受此消息影响，动力煤期货主力合约价格止跌上涨。上周，六大电日耗环比上涨0.59％，与去年同期相比仍下降11.81％，预计后期随着气温下降，动力煤日耗有望增加，但受终端库存处于高位，且下游高耗能行业限产影响，用电需求上行承压。考虑到目前动力煤价格处于高位，煤价仍存在下行风险。且中长期地产走弱的预期及减税降费影响，动力煤价格难以走强。</p>\r\n\r\n<p>具体来看，运输方面，近日秦皇岛至广州、秦皇岛至上海、南非至中国、澳洲至青岛等航线煤炭均价均走弱。运量方面，上周秦皇岛港铁路日调入量平均52.14万吨，周增0.26万吨；日吞吐量平均50.29万吨，周减1.10万吨。</p>\r\n\r\n<p>电厂库存维持攀升态势。相关数据显示，截至上周，六大发电集团煤炭库存1,742.34万吨，周增36.09万吨；库存可用天数32.81天，周增0.49天。此外，同期国内样本钢厂炼焦煤库存876.20万吨，周增5.84万吨；独立焦化厂炼焦煤库存851.68万吨，周增12.27万吨。</p>\r\n\r\n<p>下游需求方面，电厂耗煤环比小幅增加。数据显示，截至上周，六大发电集团日均耗煤53.10万吨，周增0.31万吨，同比减少12.01％。</p>\r\n\r\n<p>双焦利润持续承压</p>\r\n\r\n<p>炼焦煤方面，较长时间以来，产业链利润下行叠加高库存，焦煤价格承压。基本面总体呈现偏宽松格局。上周港口焦煤库存上涨15.53％，处于历史相对高水平位置，下游终端焦煤库存也小幅增加。虽然进入采暖季，焦煤供给有所收紧，但考虑到下游产业因同样原因产能受限导致焦煤需求有所下降，且从价格逻辑上看，焦煤利润受下游焦炭及钢铁行业影响，目前焦钢产业链利润持续下行。因此焦煤价格承压局面并未改善。</p>\r\n','AR201901071145140893','2019-01-07'),
(30,'秦皇岛煤炭网','2018年内贸航运市场动向分析','scfx',0,'2019-01-07 15:09:03','<p>2018年对于航运市场而言，是不平凡的一年。因煤炭供需格局彻底改变，造成煤炭价格持续低位运行，市场货盘量不足，海上运价也进入低谷。航运价格在经历了去年的大好时光之后，2018年开始震荡反转。</p>\r\n\r\n<p>&nbsp; 一季度航运价格由高位运行转向跳崖式下行。</p>\r\n\r\n<p>&nbsp; 第二季度海上煤炭运价呈现先扬后抑走势。</p>\r\n\r\n<p>&nbsp; 三季度海上运价震荡运行。</p>\r\n\r\n<p>&nbsp; 四季度开始，海上运价上涨乏力，稳步回落 。</p>\r\n\r\n<p>&nbsp; 尽管四季度电厂日耗相对高位，但库存在长协煤供应下屡破极值，目前电厂库存足以支撑日常需求，现货煤炭采购稀少。市场货盘量明显不足，海上运力需求减少，煤价及运价旺季不旺现象凸显。</p>\r\n\r\n<p>&nbsp; 综合来看，燃煤电厂调整自身采购结构，减少市场煤采购，多以长协煤拉运为主，货盘持续平稳运行，且连贯性较好，错峰补库，对库存形成一定支撑，未出现某时段海上运力需求过高而导致的运价急速拉升。国内海上运力过盛现象仍然存在。</p>\r\n\r\n<p>&nbsp; 后续燃煤电厂继续保持长协煤拉运补充库存，使得库存持续高位，现货市场采购量仍将保持低位，海上货盘量或将持续低位平稳运行，长期影响运价运行于低位通道中。</p>\r\n','AR201901071145140893','2019-01-07');

/*Table structure for table `tbl_order_info` */

DROP TABLE IF EXISTS `tbl_order_info`;

CREATE TABLE `tbl_order_info` (
  `id` int(4) NOT NULL AUTO_INCREMENT,
  `orderId` varchar(20) NOT NULL COMMENT '订单号(时间戳+卖家企业机构代码编号后四位：2018080110034455)',
  `tradePrice` float(8,2) NOT NULL COMMENT '交易金额',
  `productId` int(4) NOT NULL COMMENT '商品编号',
  `buyerCompanyId` varchar(30) NOT NULL COMMENT '买方编号（对应企业编号）',
  `sellerCompanyId` varchar(30) NOT NULL COMMENT '卖方编号（对应企业编号）',
  `orderState` int(2) NOT NULL COMMENT '订单状态（0-待付款 1-待发货 2-待收货 3-待验收 4-完成）',
  `receiptPath` varchar(45) NOT NULL COMMENT '回执单存放路径（/imgs/order/receipt/买家编号（后四位）+订单编号',
  `createDate` varchar(20) NOT NULL COMMENT '创建时间',
  `endDate` varchar(20) NOT NULL COMMENT '结束时间（默认15个工作日）',
  PRIMARY KEY (`id`)
) ENGINE=InnoDB AUTO_INCREMENT=18 DEFAULT CHARSET=utf8;

/*Data for the table `tbl_order_info` */

insert  into `tbl_order_info`(`id`,`orderId`,`tradePrice`,`productId`,`buyerCompanyId`,`sellerCompanyId`,`orderState`,`receiptPath`,`createDate`,`endDate`) values 
(1,'2019010410184393',12000.00,1,'911308037825919000','914113306672048026',1,'imgs/order/receipt/90002019010410184393','2019-01-04 10:18','2019-01-19 10:18'),
(2,'2019010410528256',600.00,8,'912311811316773000','916501053331276241',1,'imgs/order/receipt/30002019010410528256','2019-01-04 10:52','2019-01-19 10:52'),
(3,'2019010714332740',720.00,23,'911308037825919000','914113306672048026',0,' ','2019-01-07 14:33','2019-01-22 14:33'),
(4,'2019010714337561',270.00,22,'911308037825919000','914113306672048026',0,' ','2019-01-07 14:33','2019-01-22 14:33'),
(5,'2019010714333170',480.00,21,'911308037825919000','914113306672048026',0,' ','2019-01-07 14:33','2019-01-22 14:33'),
(6,'2019010714332912',1620.00,20,'911308037825919000','914113306672048026',0,' ','2019-01-07 14:33','2019-01-22 14:33'),
(7,'2019010714331371',1440.00,19,'911308037825919000','914113306672048026',0,' ','2019-01-07 14:33','2019-01-22 14:33'),
(8,'2019010714336119',1000.00,18,'911308037825919000','914113306672048026',0,' ','2019-01-07 14:33','2019-01-22 14:33'),
(9,'2019010714342940',800.00,17,'911308037825919000','914113306672048026',0,' ','2019-01-07 14:34','2019-01-22 14:34'),
(10,'2019010714341343',875.00,16,'911308037825919000','914113306672048026',0,' ','2019-01-07 14:34','2019-01-22 14:34'),
(11,'2019010714345674',840.00,15,'911308037825919000','914113306672048026',0,' ','2019-01-07 14:34','2019-01-22 14:34'),
(12,'2019010714343090',960.00,14,'911308037825919000','914113306672048026',0,' ','2019-01-07 14:34','2019-01-22 14:34'),
(13,'2019010714344419',528.00,13,'911308037825919000','914113306672048026',0,' ','2019-01-07 14:34','2019-01-22 14:34'),
(14,'2019010714346134',750.00,12,'911308037825919000','914113306672048026',0,' ','2019-01-07 14:34','2019-01-22 14:34'),
(15,'2019010714345889',720.00,11,'911308037825919000','914113306672048026',0,' ','2019-01-07 14:34','2019-01-22 14:34'),
(16,'2019010714348508',660.00,10,'911308037825919000','914113306672048026',0,' ','2019-01-07 14:34','2019-01-22 14:34'),
(17,'2019010714354949',1200.00,24,'911308037825919000','914113306672048026',0,' ','2019-01-07 14:35','2019-01-22 14:35');

/*Table structure for table `tbl_product_info` 交易*/

DROP TABLE IF EXISTS `tbl_product_info`;

CREATE TABLE `tbl_product_info` (
  `id` int(4) NOT NULL AUTO_INCREMENT,
  `productId` int(6) NOT NULL COMMENT '商品编号（从1开始）',
  `productState` int(1) NOT NULL COMMENT '商品状态（0-上架 1-下架 2-锁定）',
  `quantity` float(5,2) NOT NULL COMMENT '数量（万吨）',
  `lowPower` int(5) NOT NULL COMMENT '热值',
  `price` float(5,2) NOT NULL COMMENT '原煤单价（元/吨）',
  `fullSulfur` float(5,2) NOT NULL COMMENT '全硫份',
  `srcAddress` varchar(20) NOT NULL COMMENT '产地（山西、内蒙）',
  `carriage` float(5,2) NOT NULL COMMENT '运费单价',
  `volatiles` varchar(5) NOT NULL COMMENT '挥发份(数据格式：30-40)',
  `portAddress` varchar(20) NOT NULL COMMENT '发货港口()',
  `dryPowder` float(5,2) NOT NULL COMMENT '空干基灰分',
  `fullMoisture` float(5,2) NOT NULL COMMENT '全水分',
  `userName` varchar(20) NOT NULL COMMENT '用户名称',
  `reviewState` int(3) NOT NULL COMMENT '0-待审核 1-通过 2-未通过',
  `OffProductInfo` varchar(100) COMMENT '商品下架原因',
  `recordID` varchar(20) NOT NULL COMMENT '记录编号',
  `submitDate` varchar(20) NOT NULL COMMENT '提交审核时间',
  PRIMARY KEY (`id`)
) ENGINE=InnoDB AUTO_INCREMENT=42 DEFAULT CHARSET=utf8;

/*Data for the table `tbl_product_info` */

insert  into `tbl_product_info`(`id`,`productId`,`productState`,`quantity`,`lowPower`,`price`,`fullSulfur`,`srcAddress`,`carriage`,`volatiles`,`portAddress`,`dryPowder`,`fullMoisture`,`userName`,`reviewState`,`recordID`,`submitDate`) values 
(1,1,1,100.00,3000,120.00,10.00,'山西',20.00,'26-30','秦皇岛',26.00,26.00,'seller1',1,'AR202008211145140810','2020-08-21'),
(2,2,2,5.00,3100,110.00,1.20,'内蒙',22.00,'15-28','秦皇岛',25.00,23.00,'seller2',1,'AR202008221145140810','2020-08-22'),
(3,3,0,6.00,2800,130.00,1.30,'惠农',25.00,'23-27','秦皇岛',26.00,15.00,'seller2',1,'AR202008231145140810','2020-08-23'),
(4,4,0,2.00,3000,120.00,1.30,'内蒙',24.00,'21-26','秦皇岛',24.00,18.00,'seller3',1,'AR202008241145140810','2020-08-24'),
(5,5,0,3.00,4000,290.00,1.10,'崇岗工业园',23.00,'26-30','秦皇岛',23.00,19.00,'seller3',1,'AR202008251145140810','2020-08-25'),
(6,6,0,1.00,3200,110.00,1.20,'山西',25.00,'21-26','秦皇岛',24.00,23.00,'seller3',1,'AR202008261145140810','2020-08-26'),
(7,7,2,3.00,3500,110.00,1.80,'山西',25.00,'20-35','秦曹两港',23.00,18.00,'seller3',1,'AR202008271145140810','2020-08-27'),
(8,8,1,5.00,3000,120.00,2.00,'榆林',24.00,'21-26','秦曹两港',24.00,15.00,'seller3',1,'AR202008281145140810','2020-08-28'),
(9,9,0,6.00,3100,110.00,1.40,'内蒙',24.00,'15-28','秦曹两港',24.00,18.00,'seller3',1,'AR202008291145140810','2020-08-29'),
(10,10,2,6.00,3000,110.00,1.40,'山西',20.00,'20-31','秦皇岛',26.00,23.00,'seller1',1,'AR202008301145140810','2020-08-30'),
(11,11,2,6.00,3000,120.00,1.30,'榆林',30.00,'20-31','天津港',19.00,23.00,'seller1',1,'AR202008311145140810','2020-08-31'),
(12,12,2,5.00,3600,150.00,1.40,'内蒙',30.00,'20-33','秦皇岛',25.00,21.00,'seller1',1,'AR202009211145140810','2020-09-21'),
(13,13,2,4.00,3200,132.00,1.10,'内蒙',21.00,'21-30','秦皇岛',22.00,23.00,'seller1',1,'AR202009221145140810','2020-09-22'),
(14,14,2,6.00,3600,160.00,1.30,'内蒙',25.00,'22-28','秦皇岛',22.00,19.00,'seller1',1,'AR202009231145140810','2020-09-23'),
(15,15,2,7.00,3100,120.00,1.40,'榆林',20.00,'20-33','秦皇岛',22.00,21.00,'seller1',1,'AR202009241145140810','2020-09-24'),
(16,16,2,7.00,3200,125.00,1.20,'榆林',30.00,'20-31','秦曹两港',19.00,23.00,'seller1',1,'AR202009251145140810','2020-09-25'),
(17,17,2,5.00,3500,160.00,1.50,'山西',26.00,'21-31','秦曹两港',25.00,26.00,'seller1',1,'AR202009261145140810','2020-09-26'),
(18,18,2,10.00,2900,100.00,1.60,'内蒙',30.00,'21-30','秦曹两港',25.00,19.00,'seller1',1,'AR202009271145140810','2020-09-27'),
(19,19,2,8.00,3700,180.00,1.20,'内蒙',25.00,'25-33','秦皇岛',26.00,22.00,'seller1',1,'AR202009281145140810','2020-09-28'),
(20,20,2,9.00,3600,180.00,1.40,'山西',30.00,'20-31','天津港',18.00,23.00,'seller1',1,'AR202009291145140810','2020-09-29'),
(21,21,2,4.00,3000,120.00,1.30,'山西',25.00,'22-28','秦曹两港',19.00,20.00,'seller1',1,'AR202009301145140810','2020-09-30'),
(22,22,2,2.00,3300,135.00,1.40,'山西',26.00,'24-33','秦皇岛',30.00,18.00,'seller1',1,'AR202010211145140893','2020-10-21'),
(23,23,2,6.00,3200,120.00,1.30,'内蒙',25.00,'20-34','秦曹两港',26.00,21.00,'seller1',1,'AR202010222145140810','2020-10-22'),
(24,24,2,8.00,3500,150.00,1.40,'内蒙',26.00,'21-30','秦皇岛',19.00,26.00,'seller1',1,'AR202010231145140810','2020-10-23'),
(25,25,1,6.00,3100,150.00,1.30,'榆林',30.00,'30-40','天津港',26.00,20.00,'seller2',0,'AR202010241145140810','2020-10-24'),
(26,26,1,4.00,3200,120.00,1.20,'山西',30.00,'21-30','天津港',22.00,21.00,'seller2',0,'AR202010251145140810','2020-10-25'),
(27,27,1,7.00,3200,110.00,1.60,'榆林',20.00,'26-28','秦曹两港',25.00,23.00,'seller2',0,'AR202010261145140810','2020-10-26'),
(28,28,1,5.00,3600,150.00,1.60,'内蒙',25.00,'20-33','秦皇岛',19.00,26.00,'seller2',0,'AR202010271145140810','2020-10-27'),
(29,29,1,4.00,3200,120.00,1.20,'山西',26.00,'21-30','秦曹两港',19.00,20.00,'seller2',0,'AR202010281145140810','2020-10-28'),
(30,30,1,5.00,3300,135.00,1.60,'山西',24.00,'25-29','秦曹两港',18.00,23.00,'seller2',0,'AR202010291145140810','2020-10-29'),
(31,31,1,7.00,3700,145.00,1.60,'榆林',25.00,'22-28','秦皇岛',19.00,19.00,'seller2',0,'AR202010301145140810','2020-10-30'),
(32,32,1,6.00,3150,120.00,1.60,'榆林',25.00,'20-31','秦曹两港',19.00,20.00,'seller2',0,'AR202011211145140810','2020-11-21'),
(33,33,1,6.00,3200,135.00,1.20,'山西',21.00,'30-40','天津港',18.00,20.00,'seller2',0,'AR202011221145140810','2020-11-22'),
(34,34,1,8.00,3600,150.00,1.20,'山西',26.00,'20-33','秦皇岛',26.00,12.00,'seller2',0,'AR202011231145140810','2020-11-23'),
(35,35,1,5.00,3400,135.00,1.50,'内蒙',26.00,'22-28','秦皇岛',22.00,22.00,'seller2',0,'AR202011241145140810','2020-11-24'),
(36,36,1,9.00,4000,230.00,1.10,'山西',30.00,'21-30','秦曹两港',25.00,12.00,'seller2',0,'AR202011251145140810','2020-11-25'),
(37,37,1,5.00,3100,135.00,1.20,'榆林',30.00,'22-29','秦皇岛',28.00,25.00,'seller2',0,'AR202011261145140810','2020-11-26'),
(38,38,1,3.00,3400,120.00,1.40,'内蒙',30.00,'20-31','秦皇岛',17.00,24.00,'seller2',0,'AR202011271145140810','2020-11-27'),
(39,39,1,7.00,3500,155.00,1.30,'山西',28.00,'22-26','秦皇岛',18.00,19.00,'seller2',0,'AR202011281145140810','2020-11-28'),
(40,40,1,7.00,3500,135.00,1.40,'内蒙',25.00,'20-31','秦曹两港',26.00,24.00,'seller2',0,'AR202011291145140810','2020-11-29'),
(41,41,1,10.00,3800,200.00,1.70,'山西',26.00,'22-28','秦皇岛',19.00,19.00,'seller2',0,'AR202011301145140810','2020-11-30');

/*Table structure for table `tbl_static_logistics_price` */

DROP TABLE IF EXISTS `tbl_static_logistics_price`;

CREATE TABLE `tbl_static_logistics_price` (
  `id` int(4) NOT NULL AUTO_INCREMENT,
  `waybillCompanyId` varchar(30) NOT NULL COMMENT '企业机构代码',
  `startingPlace` varchar(20) NOT NULL COMMENT '起始地',
  `destination` varchar(20) NOT NULL COMMENT '目的地',
  `weight` varchar(10) NOT NULL COMMENT '重量（>=3000）万吨',
  `price` int(4) NOT NULL COMMENT '价格',
  PRIMARY KEY (`id`)
) ENGINE=InnoDB AUTO_INCREMENT=15 DEFAULT CHARSET=utf8;

/*Data for the table `tbl_static_logistics_price` */

insert  into `tbl_static_logistics_price`(`id`,`waybillCompanyId`,`startingPlace`,`destination`,`weight`,`price`) values 
(1,'91130302MA07RJW223','秦皇岛','广州','<=6',38),
(2,'91130302MA07RJW223','秦皇岛','广州','>=6',36),
(3,'91130302MA07RJW223','秦皇岛','福州','<=3',37),
(4,'91130302MA07RJW223','秦皇岛','福州','>=3',35),
(5,'91130302MA07RJW223','秦皇岛','宁波','<=2',38),
(6,'91130302MA07RJW223','秦皇岛','宁波','>=2',35),
(7,'91130302MA07RJW223','秦皇岛','上海','<=4',33),
(8,'91130302MA07RJW223','秦皇岛','上海','>=4',30),
(9,'91130302MA07RJW223','秦皇岛','张家港','<=3',35),
(10,'91130302MA07RJW223','秦皇岛','张家港','>=3',32),
(11,'91120222MA0699R67U','天津','上海','<=2',33),
(12,'91120222MA0699R67U','天津','上海','>=2',35),
(13,'91120222MA0699R67U','天津','镇江','<=2',44),
(14,'91120222MA0699R67U','天津','镇江','>=2',40);

/*Table structure for table `tbl_waybill_info` */

DROP TABLE IF EXISTS `tbl_waybill_info`;

CREATE TABLE `tbl_waybill_info` (
  `id` int(4) NOT NULL AUTO_INCREMENT,
  `waybillId` varchar(20) NOT NULL COMMENT '运单号（时间戳+物流商企业机构代码编号后四位：2018080110034455）',
  `waybillCompanyId` varchar(30) NOT NULL COMMENT '企业机构代码',
  `createTime` varchar(20) NOT NULL COMMENT '创建时间',
  `endTime` varchar(20) NOT NULL COMMENT '结束时间（用户收货后更新）',
  `orderId` varchar(20) NOT NULL COMMENT '订单号(2018080110034455)',
  `waybillState` varchar(2) NOT NULL COMMENT '运单状态（0-待发货 1-运输中 2-待签收 3-已签收）',
  PRIMARY KEY (`id`)
) ENGINE=InnoDB AUTO_INCREMENT=3 DEFAULT CHARSET=utf8;
/*Data for the table `tbl_waybill_info` */
insert  into `tbl_waybill_info`(`id`,`waybillId`,`waybillCompanyId`,`createTime`,`endTime`,`orderId`,`waybillState`) values 
(1,'20190104101857W223','91130302MA07RJW223','2019-01-04 10:18:57','2019-01-19 10:18:57','2019010410184393','3'),
(2,'20190104105243W223','91130302MA07RJW223','2019-01-04 10:52:43','2019-01-19 10:52:43','2019010410528256','0');

DROP TABLE IF EXISTS `tbl_operate_record`;

CREATE TABLE `tbl_operate_record` (
  `id` int PRIMARY KEY AUTO_INCREMENT COMMENT '自增ID',
  `recordID` varchar(20) NOT NULL COMMENT '记录编号',
  `userName` varchar(20) NOT NULL COMMENT '操作者账号',
  `operateType` int NOT NULL COMMENT '操作类型（0：通过，1：不通过，2：撤销通过，3：下架）',
  `createDate` varchar(20) NOT NULL COMMENT '操作日期',
  `comment` varchar(100)COMMENT '意见'
)ENGINE=InnoDB AUTO_INCREMENT=1 DEFAULT CHARSET=utf8;

/*Data for the table `tbl_operate_record` */
insert  into `tbl_operate_record`(`id`,`recordID`,`userName`,`operateType`,`createDate`,`comment`) values 
(1,'AR201901041145140810','张超','0','2019-01-04',' '),
(2,'AR201902011145140810','张超','1','2019-02-01',' '),
(3,'AR201901041145140810','张超','1','2019-01-04',' '),
(4,'AR201901051145140893','张超','1','2019-01-05',' '),
(5,'AR201901041145140893','张超','1','2019-01-04',' '),
(6,'AR201901111145140893','张超','0','2019-01-11',' '),
(7,'AR202010151145140810','刘芳','0','2020-10-15',' '),
(8,'AR202010161145140810','刘芳','1','2020-10-16',' '),
(9,'AR202010171145140810','刘芳','0','2020-10-17',' '),
(10,'AR202010181145140810','刘芳','0','2020-10-18',' '),
(11,'AR202010191145140893','刘芳','0','2020-10-19',' '),
(12,'AR202010201145140893','刘芳','0','2020-10-20',' '),
(13,'AR202010211145140893','刘芳','0','2020-10-21',' '),
(14,'AR201901041145140810','高敏','0','2019-01-04',' '),
(15,'AR201901041145140810','高敏','0','2019-01-04',' '),
(16,'AR201901041145140810','高敏','0','2019-01-04',' '),
(17,'AR201901041145140810','高敏','0','2019-01-04',' '),
(18,'AR201901041145140810','高敏','0','2019-01-04',' '),
(19,'AR201901071145140810','高敏','0','2019-01-07',' '),
(20,'AR201901071145140810','高敏','0','2019-01-07',' '),
(21,'AR201901071145140810','高敏','0','2019-01-07',' '),
(22,'AR201901071145140810','高敏','0','2019-01-07',' '),
(23,'AR201901071145140810','高敏','0','2019-01-07',' '),
(24,'AR201901071145140893','高敏','0','2019-01-07',' '),
(25,'AR201901071145140893','高敏','0','2019-01-07',' '),
(26,'AR201901071145140893','高敏','0','2019-01-07',' '),
(27,'AR201901071145140893','高敏','0','2019-01-07',' '),
(28,'AR201901071145140893','高敏','0','2019-01-07',' '),
(29,'AR201901071145140893','高敏','1','2019-01-07',' '),
(30,'AR201901071145140893','高敏','1','2019-01-07',' '),
(31,'AR201901071145140893','高敏','1','2019-01-07',' '),
(32,'AR201901071145140893','高敏','1','2019-01-07',' '),
(33,'AR201901071145140893','高敏','1','2019-01-07',' '),
(34,'AR201901071145140893','高敏','1','2019-01-07',' '),
(35,'AR201901071145140893','高敏','1','2019-01-07',' '),
(36,'AR201901071145140893','高敏','1','2019-01-07',' '),
(37,'AR201901071145140893','高敏','1','2019-01-07',' '),
(38,'AR201901071145140893','高敏','1','2019-01-07',' '),
(39,'AR202008211145140810','王向东','3','2020-08-21',' '),
(40,'AR202008221145140810','王向东','0','2020-08-22',' '),
(41,'AR202008231145140810','王向东','0','2020-08-23',' '),
(42,'AR202008241145140810','王向东','0','2020-08-24',' '),
(43,'AR202008251145140810','王向东','0','2020-08-25',' '),
(44,'AR202008261145140810','王向东','0','2020-08-26',' '),
(45,'AR202008271145140810','王向东','0','2020-08-27',' '),
(46,'AR202008281145140810','王向东','3','2020-08-28',' '),
(47,'AR202008291145140810','王向东','0','2020-08-29',' '),
(48,'AR202008301145140810','王向东','0','2020-08-30',' '),
(49,'AR202008311145140810','王向东','0','2020-08-31',' '),
(50,'AR202009211145140810','王向东','0','2020-09-21',' '),
(51,'AR202009221145140810','王向东','0','2020-09-22',' '),
(52,'AR202009231145140810','王向东','0','2020-09-23',' '),
(53,'AR202009241145140810','王向东','0','2020-09-24',' '),
(54,'AR202009251145140810','王向东','0','2020-09-25',' '),
(55,'AR202009261145140810','王向东','0','2020-09-26',' '),
(56,'AR202009271145140810','王向东','0','2020-09-27',' '),
(57,'AR202009281145140810','王向东','0','2020-09-28',' '),
(58,'AR202009291145140810','王向东','0','2020-09-29',' '),
(59,'AR202009301145140810','王向东','1','2020-09-30',' '),
(60,'AR202010211145140810','王向东','1','2020-10-21',' '),
(61,'AR202010222145140810','王向东','1','2020-10-22',' '),
(62,'AR202010231145140810','王向东','1','2020-10-23',' '),
(63,'AR202010241145140810','王向东','3','2020-10-24',' '),
(64,'AR202010251145140810','王向东','3','2020-10-25',' '),
(65,'AR202010261145140810','王向东','3','2020-10-26',' '),
(66,'AR202010271145140810','王向东','3','2020-10-27',' '),
(67,'AR202010281145140810','王向东','3','2020-10-28',' '),
(68,'AR202010291145140810','王向东','3','2020-10-29',' '),
(69,'AR202010301145140810','王向东','3','2020-10-30',' '),
(70,'AR202011211145140810','王向东','3','2020-11-21',' '),
(71,'AR202011221145140810','王向东','3','2020-11-22',' '),
(72,'AR202011231145140810','王向东','3','2020-11-23',' '),
(73,'AR202011241145140810','王向东','3','2020-11-24',' '),
(74,'AR202011251145140810','王向东','3','2020-11-25',' '),
(75,'AR202011261145140810','王向东','3','2020-11-26',' '),
(76,'AR202011271145140810','王向东','3','2020-11-27',' '),
(77,'AR202011281145140810','王向东','2','2020-11-28',' '),
(78,'AR202011291145140810','王向东','2','2020-11-29',' '),
(79,'AR202011301145140810','王向东','2','2020-11-30',' ');